"","GEOID","FIPS_5","LE","LE_se","city","metroORmicro","ACS.pctBlack","ACS.medInc","ACS.pctBachPlus"
"1","22051020101",22051,76.3,1.4275,"New Orleans-Metairie, LA","Metropolitan Statistical Area",0.0333333333333333,43125,0.286563071297989
"2","22051020102",22051,81.3,1.7616,"New Orleans-Metairie, LA","Metropolitan Statistical Area",0.0103341370995522,62151,0.315334773218143
"3","22051020201",22051,80.2,2.981,"New Orleans-Metairie, LA","Metropolitan Statistical Area",0.104065647146587,54615,0.409112942317014
"4","22051020203",22051,82.1,1.2149,"New Orleans-Metairie, LA","Metropolitan Statistical Area",0.0218866879069123,84826,0.457618025751073
"5","22051020301",22051,81.4,1.4778,"New Orleans-Metairie, LA","Metropolitan Statistical Area",0.0345500139314572,97050,0.492902208201893
"6","22051020302",22051,80.7,1.4222,"New Orleans-Metairie, LA","Metropolitan Statistical Area",0.0225240145743624,82113,0.439116022099448
"7","22051020303",22051,80.3,1.7033,"New Orleans-Metairie, LA","Metropolitan Statistical Area",0.00078003120124805,63354,0.326777087646653
"8","22051020400",22051,80.6,1.2778,"New Orleans-Metairie, LA","Metropolitan Statistical Area",0.00224502886465683,89444,0.579974543911752
"9","22051020502",22051,79.2,2.4135,"New Orleans-Metairie, LA","Metropolitan Statistical Area",0.128063725490196,36719,0.142042637580565
"10","22051020507",22051,79.5,1.3123,"New Orleans-Metairie, LA","Metropolitan Statistical Area",0.0525435872940053,47679,0.239417989417989
"11","22051020508",22051,80.5,2.6705,"New Orleans-Metairie, LA","Metropolitan Statistical Area",0.169930345643317,68735,0.264182118597393
"12","22051020511",22051,80.7,2.044,"New Orleans-Metairie, LA","Metropolitan Statistical Area",0.146689638198376,56389,0.319757056091461
"13","22051020512",22051,78.6,2.4917,"New Orleans-Metairie, LA","Metropolitan Statistical Area",0.0431357839459865,65464,0.366755793226381
"14","22051020513",22051,79.3,1.4262,"New Orleans-Metairie, LA","Metropolitan Statistical Area",0.231494920174165,43514,0.299972655181843
"15","22051020514",22051,82.7,1.8083,"New Orleans-Metairie, LA","Metropolitan Statistical Area",0,95956,0.484827099505999
"16","22051020515",22051,78.2,1.337,"New Orleans-Metairie, LA","Metropolitan Statistical Area",0.132723833543506,64778,0.22991452991453
"17","22051020516",22051,74.9,2.154,"New Orleans-Metairie, LA","Metropolitan Statistical Area",0.315585475316197,40250,0.10136391816491
"18","22051020517",22051,79.8,1.3267,"New Orleans-Metairie, LA","Metropolitan Statistical Area",0.0506738544474394,80597,0.431659948699157
"19","22051020600",22051,74.4,1.6224,"New Orleans-Metairie, LA","Metropolitan Statistical Area",0.831894593366652,25313,0.0533672172808132
"20","22051020700",22051,68.8,3.02,"New Orleans-Metairie, LA","Metropolitan Statistical Area",0.460910151691949,25179,0.0492063492063492
"21","22051021000",22051,75.4,1.6239,"New Orleans-Metairie, LA","Metropolitan Statistical Area",0.316087613293051,40490,0.116727462219906
"22","22051021100",22051,74.6,1.9063,"New Orleans-Metairie, LA","Metropolitan Statistical Area",0.0847457627118644,51827,0.132053519488074
"23","22051021200",22051,75.5,1.8194,"New Orleans-Metairie, LA","Metropolitan Statistical Area",0.160729431721798,28750,0.118207282913165
"24","22051021300",22051,77.7,1.6104,"New Orleans-Metairie, LA","Metropolitan Statistical Area",0.101769911504425,75709,0.238736646539712
"25","22051021400",22051,80.9,2.1809,"New Orleans-Metairie, LA","Metropolitan Statistical Area",0.0469018932874355,68828,0.328715365239295
"26","22051021500",22051,72.6,1.7923,"New Orleans-Metairie, LA","Metropolitan Statistical Area",0.324728769173214,27601,0.181666666666667
"27","22051021600",22051,78.9,0.9476,"New Orleans-Metairie, LA","Metropolitan Statistical Area",0.0747735298633502,37902,0.236554132712456
"28","22051021700",22051,77,1.2211,"New Orleans-Metairie, LA","Metropolitan Statistical Area",0.0885051268213708,52422,0.364634146341463
"29","22051021801",22051,78.2,1.3196,"New Orleans-Metairie, LA","Metropolitan Statistical Area",0.0749242096145517,51200,0.328796951551443
"30","22051021803",22051,75.9,2.7542,"New Orleans-Metairie, LA","Metropolitan Statistical Area",0.374619906750456,25562,0.226345703778001
"31","22051021804",22051,74.4,2.7982,"New Orleans-Metairie, LA","Metropolitan Statistical Area",0.199124726477024,28711,0.0793650793650794
"32","22051021900",22051,77.6,1.7631,"New Orleans-Metairie, LA","Metropolitan Statistical Area",0.164650184113624,40189,0.235424354243542
"33","22051022001",22051,75.8,1.804,"New Orleans-Metairie, LA","Metropolitan Statistical Area",0.374907885040531,36296,0.245188036718981
"34","22051022002",22051,80.1,1.1219,"New Orleans-Metairie, LA","Metropolitan Statistical Area",0.0290114613180516,80511,0.400713966979027
"35","22051022101",22051,81.3,1.8904,"New Orleans-Metairie, LA","Metropolitan Statistical Area",0.00139178844815588,84688,0.583774250440917
"36","22051022102",22051,80.9,1.7414,"New Orleans-Metairie, LA","Metropolitan Statistical Area",0.138790035587189,43529,0.356539035305818
"37","22051022200",22051,74.1,3.1121,"New Orleans-Metairie, LA","Metropolitan Statistical Area",0.0137375651350071,54844,0.365406643757159
"38","22051022301",22051,80.8,2.4251,"New Orleans-Metairie, LA","Metropolitan Statistical Area",0.00562983814215341,64932,0.330308529945554
"39","22051022302",22051,75.7,2.3927,"New Orleans-Metairie, LA","Metropolitan Statistical Area",0.0661577608142494,38810,0.225139220365951
"40","22051022303",22051,78.4,2.6026,"New Orleans-Metairie, LA","Metropolitan Statistical Area",0.094256663918659,40694,0.251376868607396
"41","22051022400",22051,81.5,1.2592,"New Orleans-Metairie, LA","Metropolitan Statistical Area",0.0163370593293207,65817,0.535462309691794
"42","22051022500",22051,81.5,2.1319,"New Orleans-Metairie, LA","Metropolitan Statistical Area",0.0285938112025069,53690,0.494341563786008
"43","22051022600",22051,82.8,1.6033,"New Orleans-Metairie, LA","Metropolitan Statistical Area",0.0220839813374806,119792,0.758079409048938
"44","22051022700",22051,81.8,2.0889,"New Orleans-Metairie, LA","Metropolitan Statistical Area",0,61250,0.467051467051467
"45","22051022800",22051,78.1,1.5873,"New Orleans-Metairie, LA","Metropolitan Statistical Area",0.000346140533056421,44984,0.258863733447245
"46","22051022900",22051,75.2,1.7505,"New Orleans-Metairie, LA","Metropolitan Statistical Area",0.0598320503848845,44357,0.195764462809917
"47","22051023001",22051,80.5,1.3234,"New Orleans-Metairie, LA","Metropolitan Statistical Area",0.0246842709529277,66023,0.315334773218143
"48","22051023002",22051,82,1.9332,"New Orleans-Metairie, LA","Metropolitan Statistical Area",0.0235221926774392,74904,0.350393700787402
"49","22051023003",22051,80.8,2.2919,"New Orleans-Metairie, LA","Metropolitan Statistical Area",0.024113475177305,66028,0.306784660766962
"50","22051023100",22051,79.4,2.5442,"New Orleans-Metairie, LA","Metropolitan Statistical Area",0.011441647597254,45119,0.200413223140496
"51","22051023200",22051,73.2,2.4352,"New Orleans-Metairie, LA","Metropolitan Statistical Area",0.0364226469527587,45160,0.259937238493724
"52","22051023300",22051,76.5,1.8273,"New Orleans-Metairie, LA","Metropolitan Statistical Area",0.0277252678008822,53537,0.265288544358312
"53","22051023400",22051,77.8,1.833,"New Orleans-Metairie, LA","Metropolitan Statistical Area",0.0197486535008977,58393,0.308713692946058
"54","22051023500",22051,76.8,1.4592,"New Orleans-Metairie, LA","Metropolitan Statistical Area",0.0326968973747017,59746,0.156496062992126
"55","22051023600",22051,73.9,1.5647,"New Orleans-Metairie, LA","Metropolitan Statistical Area",0.150880626223092,48563,0.154501562056234
"56","22051023700",22051,72.4,2.3421,"New Orleans-Metairie, LA","Metropolitan Statistical Area",0.964039408866995,24750,0.0619082301529497
"57","22051023800",22051,74.4,1.7286,"New Orleans-Metairie, LA","Metropolitan Statistical Area",0.349619978284473,43475,0.227816008692503
"58","22051023901",22051,77.7,1.3425,"New Orleans-Metairie, LA","Metropolitan Statistical Area",0.00361591000401768,65046,0.286648501362398
"59","22051023902",22051,80.9,1.4696,"New Orleans-Metairie, LA","Metropolitan Statistical Area",0.0255854293148309,103194,0.559190957763236
"60","22051023903",22051,80.4,1.5253,"New Orleans-Metairie, LA","Metropolitan Statistical Area",0.0021505376344086,75625,0.406949352179034
"61","22051023904",22051,80,2.3061,"New Orleans-Metairie, LA","Metropolitan Statistical Area",0.0391949152542373,58958,0.425354870288791
"62","22051024001",22051,77,1.5734,"New Orleans-Metairie, LA","Metropolitan Statistical Area",0.012085635359116,66607,0.27749181094993
"63","22051024100",22051,76.4,1.0797,"New Orleans-Metairie, LA","Metropolitan Statistical Area",0.0686244204018547,52500,0.174878836833603
"64","22051024201",22051,74.6,1.9985,"New Orleans-Metairie, LA","Metropolitan Statistical Area",0.0931734317343173,53664,0.295092024539877
"65","22051024202",22051,79.2,3.0961,"New Orleans-Metairie, LA","Metropolitan Statistical Area",0.222292191435768,55917,0.467097295115059
"66","22051024300",22051,78,2.0654,"New Orleans-Metairie, LA","Metropolitan Statistical Area",0.0666430343849699,50952,0.30938123752495
"67","22051024400",22051,75.4,0.9479,"New Orleans-Metairie, LA","Metropolitan Statistical Area",0.214738246082027,40203,0.237801989578399
"68","22051024500",22051,77.3,2.1492,"New Orleans-Metairie, LA","Metropolitan Statistical Area",0.0163934426229508,47292,0.282352941176471
"69","22051024600",22051,74.1,2.4414,"New Orleans-Metairie, LA","Metropolitan Statistical Area",0.655537459283388,31875,0.0921325051759834
"70","22051024700",22051,70.2,1.7645,"New Orleans-Metairie, LA","Metropolitan Statistical Area",0.255903349807798,37813,0.23037417461482
"71","22051024800",22051,82.5,1.5258,"New Orleans-Metairie, LA","Metropolitan Statistical Area",0.00408830744071954,81401,0.67329650092081
"72","22051024900",22051,68.8,2.9105,"New Orleans-Metairie, LA","Metropolitan Statistical Area",0.217142857142857,45260,0.1734375
"73","22051025001",22051,74.7,1.0671,"New Orleans-Metairie, LA","Metropolitan Statistical Area",0.505631440210879,42046,0.236148346738159
"74","22051025002",22051,73,1.4538,"New Orleans-Metairie, LA","Metropolitan Statistical Area",0.260376231710958,50818,0.121870571563533
"75","22051025003",22051,75.8,2.3169,"New Orleans-Metairie, LA","Metropolitan Statistical Area",0.188029661016949,58816,0.1875
"76","22051025102",22051,77.8,1.9345,"New Orleans-Metairie, LA","Metropolitan Statistical Area",0.224288067780654,73750,0.37589928057554
"77","22051025103",22051,78.1,2.5002,"New Orleans-Metairie, LA","Metropolitan Statistical Area",0.400917209751388,47352,0.17528328611898
"78","22051025104",22051,77,3.07,"New Orleans-Metairie, LA","Metropolitan Statistical Area",0.387910518800571,58404,0.172890216579537
"79","22051025201",22051,73.6,1.9386,"New Orleans-Metairie, LA","Metropolitan Statistical Area",0.413195724290453,30479,0.1175
"80","22051025202",22051,74.5,1.3916,"New Orleans-Metairie, LA","Metropolitan Statistical Area",0.333789745930321,41672,0.161349976883957
"81","22051025300",22051,76.8,1.8449,"New Orleans-Metairie, LA","Metropolitan Statistical Area",0.0644033949076385,45847,0.273170731707317
"82","22051025400",22051,74.9,1.7879,"New Orleans-Metairie, LA","Metropolitan Statistical Area",0.3629388514299,45814,0.102160380812889
"83","22051025500",22051,75.5,2.1549,"New Orleans-Metairie, LA","Metropolitan Statistical Area",0.531756318859365,27689,0.0374804789172306
"84","22051025600",22051,74.3,2.2364,"New Orleans-Metairie, LA","Metropolitan Statistical Area",0.206397103198552,33031,0.254473161033797
"85","22051025700",22051,69,2.8001,"New Orleans-Metairie, LA","Metropolitan Statistical Area",0.710957722174288,22961,0.123501199040767
"86","22051025800",22051,70.9,2.1317,"New Orleans-Metairie, LA","Metropolitan Statistical Area",0.479203280609256,27614,0.120967741935484
"87","22051025900",22051,75.1,1.9238,"New Orleans-Metairie, LA","Metropolitan Statistical Area",0.391674263141902,27188,0.194679564691657
"88","22051026000",22051,69.3,1.7076,"New Orleans-Metairie, LA","Metropolitan Statistical Area",0.151402858655373,35912,0.0958549222797927
"89","22051026100",22051,71.1,1.589,"New Orleans-Metairie, LA","Metropolitan Statistical Area",0.47612293144208,24967,0.0599485104817948
"90","22051026300",22051,75.6,1.5875,"New Orleans-Metairie, LA","Metropolitan Statistical Area",0.102821083890126,45484,0.179501084598698
"91","22051026400",22051,73.9,1.8035,"New Orleans-Metairie, LA","Metropolitan Statistical Area",0.0696744717304398,47500,0.109983079526227
"92","22051026500",22051,72.3,1.8167,"New Orleans-Metairie, LA","Metropolitan Statistical Area",0.136527563111798,25938,0.144336175395859
"93","22051026600",22051,71.5,2.3507,"New Orleans-Metairie, LA","Metropolitan Statistical Area",0.0452511188463451,42788,0.108543417366947
"94","22051026700",22051,71.2,1.8849,"New Orleans-Metairie, LA","Metropolitan Statistical Area",0.301546391752577,34808,0.112042682926829
"95","22051026800",22051,68,1.9327,"New Orleans-Metairie, LA","Metropolitan Statistical Area",0.774254435636089,20208,0.11139896373057
"96","22051026900",22051,72.2,1.7671,"New Orleans-Metairie, LA","Metropolitan Statistical Area",0.93190330268982,21519,0.111394992335207
"97","22051027000",22051,71.9,1.3413,"New Orleans-Metairie, LA","Metropolitan Statistical Area",0.361553398058252,35297,0.086944366787811
"98","22051027100",22051,72.7,1.373,"New Orleans-Metairie, LA","Metropolitan Statistical Area",0.162234042553191,41979,0.116255661801711
"99","22051027200",22051,72.1,1.2331,"New Orleans-Metairie, LA","Metropolitan Statistical Area",0.270862658355118,30581,0.0565229803025978
"100","22051027501",22051,73.8,1.9314,"New Orleans-Metairie, LA","Metropolitan Statistical Area",0.582781456953642,45653,0.185760039418576
"101","22051027502",22051,73.1,2.3484,"New Orleans-Metairie, LA","Metropolitan Statistical Area",0.996707572583059,30769,0.137860919072794
"102","22051027601",22051,73,1.5821,"New Orleans-Metairie, LA","Metropolitan Statistical Area",0.341302710843373,30496,0.0428211586901763
"103","22051027602",22051,72.6,1.1622,"New Orleans-Metairie, LA","Metropolitan Statistical Area",0.633412745681953,27938,0.0707616707616708
"104","22051027701",22051,73.1,1.618,"New Orleans-Metairie, LA","Metropolitan Statistical Area",0.954291518537329,26709,0.0720253529242293
"105","22051027703",22051,71.9,1.4418,"New Orleans-Metairie, LA","Metropolitan Statistical Area",0.54973313925279,32023,0.125051588939331
"106","22051027803",22051,72.3,3.7164,"New Orleans-Metairie, LA","Metropolitan Statistical Area",0.527179157285301,28357,0.0977903149976493
"107","22051027804",22051,77.7,1.2452,"New Orleans-Metairie, LA","Metropolitan Statistical Area",0.426440014675309,97083,0.378628447024673
"108","22051027805",22051,78.2,1.4944,"New Orleans-Metairie, LA","Metropolitan Statistical Area",0.524632267102498,61979,0.222282217422606
"109","22051027806",22051,78.5,2.1245,"New Orleans-Metairie, LA","Metropolitan Statistical Area",0.124468731026108,54707,0.134250902527076
"110","22051027807",22051,79.3,2.22,"New Orleans-Metairie, LA","Metropolitan Statistical Area",0.227076713572401,74538,0.24831774167077
"111","22051027809",22051,76.9,2.5279,"New Orleans-Metairie, LA","Metropolitan Statistical Area",0.279543350817649,45392,0.120989917506874
"112","22051027811",22051,75.5,3.6464,"New Orleans-Metairie, LA","Metropolitan Statistical Area",0.815267175572519,53500,0.15643474306503
"113","22051027812",22051,70.8,1.9973,"New Orleans-Metairie, LA","Metropolitan Statistical Area",0.866807116104869,34850,0.100668151447661
"114","22051027901",22051,75.3,1.3983,"New Orleans-Metairie, LA","Metropolitan Statistical Area",0.00723389596968653,43269,0.0533199195171026
"115","22051027902",22051,73.8,1.3421,"New Orleans-Metairie, LA","Metropolitan Statistical Area",0.000528820729772607,42880,0.0794044665012407
"116","22051028000",22051,76,1.2418,"New Orleans-Metairie, LA","Metropolitan Statistical Area",0.198432343234323,62354,0.131887985546522
"117","22051028100",22051,71.8,1.2001,"New Orleans-Metairie, LA","Metropolitan Statistical Area",0.862718707940781,22696,0.103544127866574
"118","22051028200",22051,72.2,1.7394,"New Orleans-Metairie, LA","Metropolitan Statistical Area",0.390032756200281,31925,0.0794679399727149
"119","22071000100",22071,78.4,2.8053,"New Orleans-Metairie, LA","Metropolitan Statistical Area",0.147284122562674,49789,0.455701953657428
"120","22071000200",22071,73.5,2.4752,"New Orleans-Metairie, LA","Metropolitan Statistical Area",0.83808095952024,28000,0.160733549083064
"121","22071000300",22071,71.3,1.4425,"New Orleans-Metairie, LA","Metropolitan Statistical Area",0.886986301369863,23750,0.138461538461538
"122","22071000400",22071,75.6,2.2632,"New Orleans-Metairie, LA","Metropolitan Statistical Area",0.831163708086785,30165,0.108791903858318
"123","22071000601",22071,71.3,2.1955,"New Orleans-Metairie, LA","Metropolitan Statistical Area",0.990532544378698,12228,0.048582995951417
"124","22071000602",22071,77.5,2.711,"New Orleans-Metairie, LA","Metropolitan Statistical Area",0.870407481629927,30825,0.132996632996633
"125","22071000603",22071,72.9,1.8569,"New Orleans-Metairie, LA","Metropolitan Statistical Area",0.871591908531222,15893,0.0709318497913769
"126","22071000604",22071,73.2,1.7192,"New Orleans-Metairie, LA","Metropolitan Statistical Area",0.804494872354353,26798,0.12987987987988
"127","22071000605",22071,70.3,1.903,"New Orleans-Metairie, LA","Metropolitan Statistical Area",0.675221651889874,35268,0.178518518518519
"128","22071000606",22071,75.8,1.6331,"New Orleans-Metairie, LA","Metropolitan Statistical Area",0.539596757430888,59849,0.284850317508316
"129","22071000607",22071,80.8,1.4846,"New Orleans-Metairie, LA","Metropolitan Statistical Area",0.520408163265306,65284,0.403708523096942
"130","22071000611",22071,74.7,1.9323,"New Orleans-Metairie, LA","Metropolitan Statistical Area",0.818084192439863,37197,0.0868897758673626
"131","22071000612",22071,80.8,2.5796,"New Orleans-Metairie, LA","Metropolitan Statistical Area",0.332601536772777,161250,0.595298068849706
"132","22071000613",22071,72.9,1.307,"New Orleans-Metairie, LA","Metropolitan Statistical Area",0.877559294546929,16532,0.144927536231884
"133","22071000615",22071,79.3,1.9301,"New Orleans-Metairie, LA","Metropolitan Statistical Area",0.67705112960761,33514,0.216849263316963
"134","22071000616",22071,75.3,1.8914,"New Orleans-Metairie, LA","Metropolitan Statistical Area",0.5465495608532,53287,0.392194012883668
"135","22071000617",22071,73.7,2.4089,"New Orleans-Metairie, LA","Metropolitan Statistical Area",0.832681973619932,31993,0.338820301783265
"136","22071000618",22071,82.2,3.196,"New Orleans-Metairie, LA","Metropolitan Statistical Area",0.557594783868631,101955,0.479130129779025
"137","22071000702",22071,73.1,2.2043,"New Orleans-Metairie, LA","Metropolitan Statistical Area",0.814975247524752,24943,0.157942238267148
"138","22071000800",22071,71.7,1.3079,"New Orleans-Metairie, LA","Metropolitan Statistical Area",0.862957937584803,22500,0.0977130977130977
"139","22071000904",22071,66.6,2.8305,"New Orleans-Metairie, LA","Metropolitan Statistical Area",0.914893617021277,19235,0.0735294117647059
"140","22071001100",22071,72.1,1.9833,"New Orleans-Metairie, LA","Metropolitan Statistical Area",0.427912341407151,34375,0.354634831460674
"141","22071001200",22071,71.4,2.6238,"New Orleans-Metairie, LA","Metropolitan Statistical Area",0.13755980861244,44911,0.591928251121076
"142","22071001301",22071,68.1,3.3763,"New Orleans-Metairie, LA","Metropolitan Statistical Area",0.747440273037543,20707,0.235546038543897
"143","22071001302",22071,62.6,3.2774,"New Orleans-Metairie, LA","Metropolitan Statistical Area",0.90587044534413,13393,0.0702028081123245
"144","22071001401",22071,71.3,1.4022,"New Orleans-Metairie, LA","Metropolitan Statistical Area",0.936006168080185,18357,0.119686800894855
"145","22071001402",22071,68.7,2.3751,"New Orleans-Metairie, LA","Metropolitan Statistical Area",0.876106194690266,23802,0.133792048929664
"146","22071001500",22071,72.5,2.3923,"New Orleans-Metairie, LA","Metropolitan Statistical Area",0.805194805194805,22176,0.0902777777777778
"147","22071001701",22071,78.4,2.3034,"New Orleans-Metairie, LA","Metropolitan Statistical Area",0.936776061776062,38073,0.245925925925926
"148","22071001702",22071,75.5,2.916,"New Orleans-Metairie, LA","Metropolitan Statistical Area",0.759354838709677,39722,0.299948901379663
"149","22071001720",22071,71.4,3.3462,"New Orleans-Metairie, LA","Metropolitan Statistical Area",0.91748031496063,24301,0.0810151293313812
"150","22071001722",22071,73.4,1.7594,"New Orleans-Metairie, LA","Metropolitan Statistical Area",0.928043840838694,27299,0.145525017618041
"151","22071001723",22071,78.1,3.7213,"New Orleans-Metairie, LA","Metropolitan Statistical Area",0.938333001790332,29291,0.163596628161099
"152","22071001724",22071,68.8,2.7754,"New Orleans-Metairie, LA","Metropolitan Statistical Area",0.914767331433998,23731,0.216791044776119
"153","22071001725",22071,77.2,3.7427,"New Orleans-Metairie, LA","Metropolitan Statistical Area",0.918625146886016,29761,0.145050791400898
"154","22071001735",22071,72.7,1.5483,"New Orleans-Metairie, LA","Metropolitan Statistical Area",0.930277913213067,24028,0.181276595744681
"155","22071001737",22071,75.3,2.2896,"New Orleans-Metairie, LA","Metropolitan Statistical Area",0.944357611753673,25324,0.140551795939615
"156","22071001739",22071,75.7,2.0247,"New Orleans-Metairie, LA","Metropolitan Statistical Area",0.988193624557261,37905,0.280717488789238
"157","22071001740",22071,76.6,2.0966,"New Orleans-Metairie, LA","Metropolitan Statistical Area",0.98269600512711,33613,0.181851048445409
"158","22071001741",22071,72,1.9625,"New Orleans-Metairie, LA","Metropolitan Statistical Area",0.596510973550929,41776,0.107678729037952
"159","22071001743",22071,72.1,1.8747,"New Orleans-Metairie, LA","Metropolitan Statistical Area",0.962947543713572,21896,0.153269754768392
"160","22071001744",22071,71.7,1.8566,"New Orleans-Metairie, LA","Metropolitan Statistical Area",0.977598385469223,18114,0.164043082021541
"161","22071001745",22071,73.8,1.9067,"New Orleans-Metairie, LA","Metropolitan Statistical Area",0.937163883385225,22110,0.193656093489149
"162","22071001746",22071,69.5,1.3052,"New Orleans-Metairie, LA","Metropolitan Statistical Area",0.980905861456483,31894,0.119295724038807
"163","22071001747",22071,82.4,2.6051,"New Orleans-Metairie, LA","Metropolitan Statistical Area",0.749174917491749,78315,0.455097906819716
"164","22071001748",22071,76.8,2.0509,"New Orleans-Metairie, LA","Metropolitan Statistical Area",0.86130940240669,41224,0.167628096369189
"165","22071001749",22071,78.4,3.2113,"New Orleans-Metairie, LA","Metropolitan Statistical Area",0.358548168249661,35345,0.100177830468287
"166","22071001750",22071,75.9,1.7237,"New Orleans-Metairie, LA","Metropolitan Statistical Area",0.290177314945117,28508,0.136109918419923
"167","22071001751",22071,74.1,3.2227,"New Orleans-Metairie, LA","Metropolitan Statistical Area",0.605514316012725,16842,0.0815047021943574
"168","22071001900",22071,72.9,1.2247,"New Orleans-Metairie, LA","Metropolitan Statistical Area",0.636666666666667,25964,0.138830897703549
"169","22071002000",22071,65.3,2.828,"New Orleans-Metairie, LA","Metropolitan Statistical Area",0.853503184713376,20682,0.20911528150134
"170","22071002200",22071,71.7,2.0392,"New Orleans-Metairie, LA","Metropolitan Statistical Area",0.908352668213457,20216,0.0857988165680473
"171","22071002300",22071,70.8,2.8251,"New Orleans-Metairie, LA","Metropolitan Statistical Area",0.940265486725664,23862,0.0616835994194485
"172","22071002401",22071,78.5,1.7103,"New Orleans-Metairie, LA","Metropolitan Statistical Area",0.809950248756219,40159,0.294318959616701
"173","22071002402",22071,72.5,1.8485,"New Orleans-Metairie, LA","Metropolitan Statistical Area",0.890873015873016,28250,0.180711154408183
"174","22071002501",22071,75.5,2.4878,"New Orleans-Metairie, LA","Metropolitan Statistical Area",0.870149253731343,37083,0.24106463878327
"175","22071002502",22071,73.1,1.5609,"New Orleans-Metairie, LA","Metropolitan Statistical Area",0.934359438660027,29574,0.179640718562874
"176","22071002503",22071,78.1,1.2838,"New Orleans-Metairie, LA","Metropolitan Statistical Area",0.625,48421,0.342121782799749
"177","22071002504",22071,76.4,1.0302,"New Orleans-Metairie, LA","Metropolitan Statistical Area",0.712233009708738,46361,0.277562326869806
"178","22071002600",22071,80.1,1.4424,"New Orleans-Metairie, LA","Metropolitan Statistical Area",0.0769794721407625,44063,0.475055845122859
"179","22071002700",22071,65.6,2.2318,"New Orleans-Metairie, LA","Metropolitan Statistical Area",0.814556962025316,21829,0.209507042253521
"180","22071002800",22071,68.3,2.3116,"New Orleans-Metairie, LA","Metropolitan Statistical Area",0.968457943925234,23516,0.160394265232975
"181","22071002900",22071,64.8,3.1362,"New Orleans-Metairie, LA","Metropolitan Statistical Area",0.923197492163009,22045,0.163568773234201
"182","22071003000",22071,68.4,3.053,"New Orleans-Metairie, LA","Metropolitan Statistical Area",0.898272552783109,14671,0.0666666666666667
"183","22071003100",22071,68.5,2.7563,"New Orleans-Metairie, LA","Metropolitan Statistical Area",0.889452332657201,17123,0.0548340548340548
"184","22071003301",22071,73.6,2.1139,"New Orleans-Metairie, LA","Metropolitan Statistical Area",0.469116080937167,60114,0.511128165771297
"185","22071003302",22071,79.9,2.8065,"New Orleans-Metairie, LA","Metropolitan Statistical Area",0.872266973532796,54038,0.401085141903172
"186","22071003303",22071,75.4,2.3414,"New Orleans-Metairie, LA","Metropolitan Statistical Area",0.661428571428571,29792,0.265080713678845
"187","22071003308",22071,73.5,2.0896,"New Orleans-Metairie, LA","Metropolitan Statistical Area",0.900685871056241,26297,0.235735110370679
"188","22071003400",22071,73.5,3.0325,"New Orleans-Metairie, LA","Metropolitan Statistical Area",0.684518828451883,21991,0.281285878300804
"189","22071003500",22071,68.9,3.0264,"New Orleans-Metairie, LA","Metropolitan Statistical Area",0.849199663016007,20714,0.204545454545455
"190","22071003600",22071,70.9,2.0009,"New Orleans-Metairie, LA","Metropolitan Statistical Area",0.817217716781036,25712,0.165031222123104
"191","22071003702",22071,81.9,3.4572,"New Orleans-Metairie, LA","Metropolitan Statistical Area",0.651024651024651,29657,0.323870003735525
"192","22071003800",22071,78.5,3.7837,"New Orleans-Metairie, LA","Metropolitan Statistical Area",0.0194401244167963,77804,0.569814366424536
"193","22071003900",22071,74.5,2.6745,"New Orleans-Metairie, LA","Metropolitan Statistical Area",0.501515151515151,28594,0.405433646812957
"194","22071004000",22071,77,2.9514,"New Orleans-Metairie, LA","Metropolitan Statistical Area",0.666502705361535,25389,0.266113592852585
"195","22071004100",22071,80.1,1.7785,"New Orleans-Metairie, LA","Metropolitan Statistical Area",0.129180327868852,54531,0.588612670408982
"196","22071004401",22071,66.4,3.455,"New Orleans-Metairie, LA","Metropolitan Statistical Area",0.814995925020375,17212,0.154031287605295
"197","22071004500",22071,72.9,2.2475,"New Orleans-Metairie, LA","Metropolitan Statistical Area",0.60627802690583,29853,0.377454084863838
"198","22071004600",22071,79.9,1.9514,"New Orleans-Metairie, LA","Metropolitan Statistical Area",0.0605106680657573,51458,0.670780079330101
"199","22071004900",22071,71.8,2.9291,"New Orleans-Metairie, LA","Metropolitan Statistical Area",0.636307692307692,15466,0.124893797790994
"200","22071005400",22071,78.8,1.6236,"New Orleans-Metairie, LA","Metropolitan Statistical Area",0.175661375661376,39573,0.587250482936252
"201","22071005500",22071,84.2,3.3332,"New Orleans-Metairie, LA","Metropolitan Statistical Area",0.0536568694463431,60662,0.480332167832168
"202","22071005601",22071,83.2,2.259,"New Orleans-Metairie, LA","Metropolitan Statistical Area",0.0269928300295234,79886,0.65111821086262
"203","22071005602",22071,88.1,3.79,"New Orleans-Metairie, LA","Metropolitan Statistical Area",0.0391804457225018,95766,0.596002104155708
"204","22071005603",22071,79.2,2.3136,"New Orleans-Metairie, LA","Metropolitan Statistical Area",0.0267379679144385,71833,0.647325475974615
"205","22071005604",22071,80.9,2.8388,"New Orleans-Metairie, LA","Metropolitan Statistical Area",0.0320394331484904,94375,0.735690235690236
"206","22071006300",22071,75.9,2.6388,"New Orleans-Metairie, LA","Metropolitan Statistical Area",0.509155345540461,20882,0.218597063621533
"207","22071006400",22071,77,1.8748,"New Orleans-Metairie, LA","Metropolitan Statistical Area",0.440084388185654,39330,0.360647445624684
"208","22071006500",22071,77.6,1.5397,"New Orleans-Metairie, LA","Metropolitan Statistical Area",0.272727272727273,37368,0.458887247661251
"209","22071006900",22071,67.5,3.7444,"New Orleans-Metairie, LA","Metropolitan Statistical Area",0.983164983164983,14483,0.0346820809248555
"210","22071007101",22071,74.2,1.1181,"New Orleans-Metairie, LA","Metropolitan Statistical Area",0.712489522212909,15845,0.166324435318275
"211","22071007200",22071,71.7,2.1477,"New Orleans-Metairie, LA","Metropolitan Statistical Area",0.822127659574468,18667,0.0720338983050847
"212","22071007501",22071,72.8,1.8045,"New Orleans-Metairie, LA","Metropolitan Statistical Area",0.909906542056075,21099,0.141519250780437
"213","22071007502",22071,72.1,1.1083,"New Orleans-Metairie, LA","Metropolitan Statistical Area",0.864356435643564,19970,0.113873694679264
"214","22071007604",22071,80.4,1.1947,"New Orleans-Metairie, LA","Metropolitan Statistical Area",0.0319148936170213,155714,0.74735987002437
"215","22071007605",22071,77.8,3.1473,"New Orleans-Metairie, LA","Metropolitan Statistical Area",0.833229231730169,19500,0.11169744942832
"216","22071007606",22071,82.7,2.7635,"New Orleans-Metairie, LA","Metropolitan Statistical Area",0.114130434782609,71890,0.588921282798834
"217","22071007700",22071,80.3,2.7144,"New Orleans-Metairie, LA","Metropolitan Statistical Area",0.111205432937182,70521,0.720974677496417
"218","22071008200",22071,75.5,1.8189,"New Orleans-Metairie, LA","Metropolitan Statistical Area",0.138110749185668,44960,0.542296072507553
"219","22071008300",22071,79,2.4828,"New Orleans-Metairie, LA","Metropolitan Statistical Area",0.138218151540383,61250,0.623566214807091
"220","22071008400",22071,78,3.3728,"New Orleans-Metairie, LA","Metropolitan Statistical Area",0.470950704225352,30917,0.49585798816568
"221","22071008600",22071,72.9,2.1073,"New Orleans-Metairie, LA","Metropolitan Statistical Area",0.813692480359147,16576,0.108823529411765
"222","22071008800",22071,75.5,2.595,"New Orleans-Metairie, LA","Metropolitan Statistical Area",0.215065502183406,54000,0.576896311760612
"223","22071009000",22071,80.7,1.4683,"New Orleans-Metairie, LA","Metropolitan Statistical Area",0.0180467091295117,101156,0.832135858915741
"224","22071009100",22071,73.8,2.1969,"New Orleans-Metairie, LA","Metropolitan Statistical Area",0.409509202453988,38646,0.438381361128142
"225","22071009200",22071,72.1,1.5398,"New Orleans-Metairie, LA","Metropolitan Statistical Area",0.953114065780266,13947,0.073482428115016
"226","22071009400",22071,62.3,2.8961,"New Orleans-Metairie, LA","Metropolitan Statistical Area",0.86,11649,0.0854139290407359
"227","22071009600",22071,74.4,2.7162,"New Orleans-Metairie, LA","Metropolitan Statistical Area",0.297227595099936,57083,0.519036519036519
"228","22071009700",22071,76.1,3.7959,"New Orleans-Metairie, LA","Metropolitan Statistical Area",0.421741977734119,43214,0.457120377655389
"229","22071009900",22071,75.7,1.4595,"New Orleans-Metairie, LA","Metropolitan Statistical Area",0.140077821011673,55469,0.630858564910825
"230","22071010000",22071,74.3,3.0459,"New Orleans-Metairie, LA","Metropolitan Statistical Area",0.734401831711505,23143,0.348122866894198
"231","22071010200",22071,71.7,1.9723,"New Orleans-Metairie, LA","Metropolitan Statistical Area",0.775013234515617,30688,0.315874294923449
"232","22071010300",22071,75.7,2.5744,"New Orleans-Metairie, LA","Metropolitan Statistical Area",0.825083510476769,25045,0.244543650793651
"233","22071010600",22071,75.3,2.9968,"New Orleans-Metairie, LA","Metropolitan Statistical Area",0.29803328290469,47000,0.572841726618705
"234","22071010700",22071,82.1,3.4954,"New Orleans-Metairie, LA","Metropolitan Statistical Area",0.0995260663507109,68558,0.715657311669128
"235","22071010800",22071,81.3,2.7124,"New Orleans-Metairie, LA","Metropolitan Statistical Area",0.0578279266572638,100878,0.836065573770492
"236","22071010900",22071,83.7,3.578,"New Orleans-Metairie, LA","Metropolitan Statistical Area",0.405902004454343,59661,0.515763372298973
"237","22071011100",22071,75.4,1.3092,"New Orleans-Metairie, LA","Metropolitan Statistical Area",0.605196451204056,36362,0.337704918032787
"238","22071011200",22071,79.5,1.9881,"New Orleans-Metairie, LA","Metropolitan Statistical Area",0.283007334963325,59878,0.597003154574132
"239","22071011400",22071,81,2.1671,"New Orleans-Metairie, LA","Metropolitan Statistical Area",0.018555667001003,56104,0.776323987538941
"240","22071011500",22071,81.4,3.2765,"New Orleans-Metairie, LA","Metropolitan Statistical Area",0.0646976090014065,105724,0.741514360313316
"241","22071011600",22071,78.7,1.6597,"New Orleans-Metairie, LA","Metropolitan Statistical Area",0.0352393617021277,151696,0.851385390428212
"242","22071011700",22071,80.7,1.052,"New Orleans-Metairie, LA","Metropolitan Statistical Area",0.00422237860661506,127826,0.858031088082902
"243","22071012000",22071,86.8,3.8095,"New Orleans-Metairie, LA","Metropolitan Statistical Area",0.0444002650762094,88958,0.815992292870906
"244","22071012101",22071,82.8,2.3569,"New Orleans-Metairie, LA","Metropolitan Statistical Area",0.0550821667681071,54076,0.707890743550835
"245","22071012200",22071,80.5,1.5565,"New Orleans-Metairie, LA","Metropolitan Statistical Area",0.0649957519116398,100091,0.802454704850964
"246","22071012300",22071,74.1,2.0095,"New Orleans-Metairie, LA","Metropolitan Statistical Area",0.352738036507153,56141,0.501616031027796
"247","22071012400",22071,80.1,1.547,"New Orleans-Metairie, LA","Metropolitan Statistical Area",0.279190751445087,61719,0.627687016337059
"248","22071012500",22071,77.3,1.6957,"New Orleans-Metairie, LA","Metropolitan Statistical Area",0.238379022646007,43333,0.588052754072925
"249","22071012600",22071,79.9,2.5022,"New Orleans-Metairie, LA","Metropolitan Statistical Area",0.0636805180787911,53646,0.736622073578595
"250","22071012700",22071,78.2,1.4767,"New Orleans-Metairie, LA","Metropolitan Statistical Area",0.233532934131737,55125,0.600248292985723
"251","22071012800",22071,74.1,1.2089,"New Orleans-Metairie, LA","Metropolitan Statistical Area",0.183196721311475,64034,0.712436691052335
"252","22071012900",22071,75.4,2.6342,"New Orleans-Metairie, LA","Metropolitan Statistical Area",0.315891472868217,41172,0.565505804311774
"253","22071013000",22071,77.2,3.7972,"New Orleans-Metairie, LA","Metropolitan Statistical Area",0.515185601799775,38250,0.392828685258964
"254","22071013100",22071,73.5,1.1771,"New Orleans-Metairie, LA","Metropolitan Statistical Area",0.706666666666667,16789,0.164271047227926
"255","22071013301",22071,85.1,2.1148,"New Orleans-Metairie, LA","Metropolitan Statistical Area",0.0444087747458534,112813,0.715804913824716
"256","22071013302",22071,80.4,1.7226,"New Orleans-Metairie, LA","Metropolitan Statistical Area",0.215405904059041,95795,0.77893447642376
"257","22071013400",22071,78.8,1.6576,"New Orleans-Metairie, LA","Metropolitan Statistical Area",0.234530175706646,63015,0.628838451268358
"258","22071013600",22071,68.5,3.374,"New Orleans-Metairie, LA","Metropolitan Statistical Area",0.493003229278794,34583,0.367567567567568
"259","22071013700",22071,66,1.9342,"New Orleans-Metairie, LA","Metropolitan Statistical Area",0.948018747337026,13095,0.0761821366024518
"260","22071013800",22071,69.9,1.8123,"New Orleans-Metairie, LA","Metropolitan Statistical Area",0.959201388888889,20149,0.167312161115414
"261","22071013900",22071,81.2,3.3938,"New Orleans-Metairie, LA","Metropolitan Statistical Area",0.426775612822124,48333,0.511994002998501
"262","22071014000",22071,72.1,1.1622,"New Orleans-Metairie, LA","Metropolitan Statistical Area",0.92116434202547,9927,0.0225711481844946
"263","22071014200",22071,76.7,3.9725,"New Orleans-Metairie, LA","Metropolitan Statistical Area",0.327932960893855,49837,0.553993610223642
"264","22071014300",22071,69.5,3.4211,"New Orleans-Metairie, LA","Metropolitan Statistical Area",0.877573734001113,14458,0.0888429752066116
"265","22071014400",22071,77.1,2.459,"New Orleans-Metairie, LA","Metropolitan Statistical Area",0.365239294710327,36042,0.43599689681924
"266","22075050100",22075,75.5,2.7132,"New Orleans-Metairie, LA","Metropolitan Statistical Area",0.84024064171123,45469,0.094715852442672
"267","22075050200",22075,78.4,1.1059,"New Orleans-Metairie, LA","Metropolitan Statistical Area",0.0275692163303613,60205,0.153274336283186
"268","22075050300",22075,77.2,1.4543,"New Orleans-Metairie, LA","Metropolitan Statistical Area",0.111285882815572,51111,0.224403009486425
"269","22075050500",22075,71.5,1.6289,"New Orleans-Metairie, LA","Metropolitan Statistical Area",0.563573883161512,31314,0.0418118466898955
"270","22075050600",22075,71.1,3.883,"New Orleans-Metairie, LA","Metropolitan Statistical Area",0.281281281281281,26538,0.0504322766570605
"271","22075050800",22075,72.2,2.1915,"New Orleans-Metairie, LA","Metropolitan Statistical Area",0.207317073170732,31000,0.0635135135135135
"272","22087030103",22087,72.6,1.1811,"New Orleans-Metairie, LA","Metropolitan Statistical Area",0.215707722598994,36826,0.0505185680829709
"273","22087030104",22087,73,2.1688,"New Orleans-Metairie, LA","Metropolitan Statistical Area",0.0160618679357525,45234,0.0983899821109123
"274","22087030203",22087,73.5,1.6252,"New Orleans-Metairie, LA","Metropolitan Statistical Area",0.0686682520808561,36738,0.140041067761807
"275","22087030204",22087,71.9,1.4379,"New Orleans-Metairie, LA","Metropolitan Statistical Area",0.694529232214135,35221,0.0731247644176404
"276","22087030206",22087,73,2.4699,"New Orleans-Metairie, LA","Metropolitan Statistical Area",0.0943765281173594,66094,0.224659606656581
"277","22087030207",22087,78.1,1.3062,"New Orleans-Metairie, LA","Metropolitan Statistical Area",0.102272727272727,60638,0.210569438754609
"278","22087030208",22087,77,3.1973,"New Orleans-Metairie, LA","Metropolitan Statistical Area",0.116095890410959,67738,0.145772594752187
"279","22087030209",22087,76.9,2.1882,"New Orleans-Metairie, LA","Metropolitan Statistical Area",0.175540006084576,65189,0.113824884792627
"280","22087030300",22087,76.9,2.9603,"New Orleans-Metairie, LA","Metropolitan Statistical Area",0.1318347509113,34750,0.227836034318398
"281","22087030400",22087,74.4,2.322,"New Orleans-Metairie, LA","Metropolitan Statistical Area",0.123348017621145,42989,0.0655555555555556
"282","22087030500",22087,74.9,1.9893,"New Orleans-Metairie, LA","Metropolitan Statistical Area",0.164130434782609,42411,0.144940747493163
"283","22087030602",22087,74.2,1.7595,"New Orleans-Metairie, LA","Metropolitan Statistical Area",0.16144489495024,41579,0.115272088940901
"284","22087030700",22087,75.5,2.1335,"New Orleans-Metairie, LA","Metropolitan Statistical Area",0.150061500615006,34788,0.1240632805995
"285","22087030800",22087,72.4,1.6448,"New Orleans-Metairie, LA","Metropolitan Statistical Area",0.188091391645511,38258,0.134104046242775
"286","22089060100",22089,78.1,2.3769,"New Orleans-Metairie, LA","Metropolitan Statistical Area",0.203018500486855,72396,0.249816311535636
"287","22089062100",22089,79.5,2.7676,"New Orleans-Metairie, LA","Metropolitan Statistical Area",0.322555930125651,47583,0.1321608040201
"288","22089062301",22089,77.9,1.3599,"New Orleans-Metairie, LA","Metropolitan Statistical Area",0.241171548117155,72458,0.415089578602069
"289","22089062302",22089,80.6,2.0626,"New Orleans-Metairie, LA","Metropolitan Statistical Area",0.212904581757041,62061,0.243277048155097
"290","22089062400",22089,72.2,1.5474,"New Orleans-Metairie, LA","Metropolitan Statistical Area",0.392977717758271,34278,0.0596234309623431
"291","22089062500",22089,76.1,1.5226,"New Orleans-Metairie, LA","Metropolitan Statistical Area",0.0623735670937289,65966,0.0782986950217496
"292","22089062700",22089,75.3,1.1982,"New Orleans-Metairie, LA","Metropolitan Statistical Area",0.514557217953902,46366,0.133643410852713
"293","22089062800",22089,72.7,2.2884,"New Orleans-Metairie, LA","Metropolitan Statistical Area",0.512032870279789,42679,0.174822923374115
"294","22089062900",22089,76.5,1.5436,"New Orleans-Metairie, LA","Metropolitan Statistical Area",0.0998349834983498,59313,0.212040490143847
"295","22089063000",22089,77.8,2.4805,"New Orleans-Metairie, LA","Metropolitan Statistical Area",0.428686543110395,62689,0.186651583710407
"296","22089063100",22089,79.8,1.9032,"New Orleans-Metairie, LA","Metropolitan Statistical Area",0.0310978907517577,88115,0.274334351811436
"297","22089063200",22089,75.8,1.6262,"New Orleans-Metairie, LA","Metropolitan Statistical Area",0.0217138425746413,69970,0.130631907055823
"298","22093040100",22093,75,2.1831,"New Orleans-Metairie, LA","Metropolitan Statistical Area",0.395497498610339,47123,0.135770234986945
"299","22093040200",22093,75.1,1.5996,"New Orleans-Metairie, LA","Metropolitan Statistical Area",0.403163234855267,45185,0.149754500818331
"300","22093040300",22093,80.4,2.7348,"New Orleans-Metairie, LA","Metropolitan Statistical Area",0.179726368159204,67429,0.140484100616991
"301","22093040400",22093,74,1.2317,"New Orleans-Metairie, LA","Metropolitan Statistical Area",0.688325991189427,39444,0.100845410628019
"302","22093040500",22093,75.1,1.983,"New Orleans-Metairie, LA","Metropolitan Statistical Area",0.938872148084374,30868,0.0992592592592593
"303","22093040600",22093,77,1.9997,"New Orleans-Metairie, LA","Metropolitan Statistical Area",0.757427472911569,47313,0.184475806451613
"304","22093040700",22093,79,1.6724,"New Orleans-Metairie, LA","Metropolitan Statistical Area",0.352250489236791,57193,0.157614887960501
"305","22095070100",22095,81,2.6832,"New Orleans-Metairie, LA","Metropolitan Statistical Area",0.196150696150696,82500,0.274357441721458
"306","22095070200",22095,73.9,2.2917,"New Orleans-Metairie, LA","Metropolitan Statistical Area",0.774329658363958,60598,0.214337788578372
"307","22095070300",22095,76.8,1.5589,"New Orleans-Metairie, LA","Metropolitan Statistical Area",0.323454699407282,54000,0.211695607763023
"308","22095070400",22095,78.2,1.4292,"New Orleans-Metairie, LA","Metropolitan Statistical Area",0.34009009009009,70370,0.253791708796764
"309","22095070500",22095,72.1,1.7968,"New Orleans-Metairie, LA","Metropolitan Statistical Area",0.664674634794157,47965,0.089035449299258
"310","22095070600",22095,75.6,3.4304,"New Orleans-Metairie, LA","Metropolitan Statistical Area",0.592912705272256,37120,0.101875
"311","22095070700",22095,75.6,1.2154,"New Orleans-Metairie, LA","Metropolitan Statistical Area",0.319226118500605,48008,0.0994172094617758
"312","22095070800",22095,70.7,2.8563,"New Orleans-Metairie, LA","Metropolitan Statistical Area",0.908443540183113,37450,0.145336225596529
"313","22095070900",22095,73,1.6241,"New Orleans-Metairie, LA","Metropolitan Statistical Area",0.548273657289003,32014,0.123055809698079
"314","22095071000",22095,72.7,1.7829,"New Orleans-Metairie, LA","Metropolitan Statistical Area",0.360821155184412,40069,0.107407407407407
"315","22095071100",22095,75.3,1.4031,"New Orleans-Metairie, LA","Metropolitan Statistical Area",0.870050195203569,46420,0.154261954261954
"316","22103040102",22103,75.8,1.0235,"New Orleans-Metairie, LA","Metropolitan Statistical Area",0.0310647639956092,42129,0.199178332318929
"317","22103040103",22103,76.4,1.6127,"New Orleans-Metairie, LA","Metropolitan Statistical Area",0,56250,0.201625037616611
"318","22103040104",22103,77.6,1.1824,"New Orleans-Metairie, LA","Metropolitan Statistical Area",0.0113019891500904,61678,0.23010800088164
"319","22103040201",22103,78.4,1.1702,"New Orleans-Metairie, LA","Metropolitan Statistical Area",0.0614295969644139,62237,0.215068704647213
"320","22103040202",22103,78.5,1.5184,"New Orleans-Metairie, LA","Metropolitan Statistical Area",0.0129093198992443,66417,0.27790155965161
"321","22103040303",22103,79.3,0.9355,"New Orleans-Metairie, LA","Metropolitan Statistical Area",0.0357338594760495,71961,0.454259226867238
"322","22103040304",22103,83.6,1.8148,"New Orleans-Metairie, LA","Metropolitan Statistical Area",0,121532,0.622769369776372
"323","22103040305",22103,80.5,1.7525,"New Orleans-Metairie, LA","Metropolitan Statistical Area",0.0610122883904786,92000,0.41642591828312
"324","22103040400",22103,81.4,1.7748,"New Orleans-Metairie, LA","Metropolitan Statistical Area",0.0232009925558313,85213,0.442546304621471
"325","22103040501",22103,74.1,1.3788,"New Orleans-Metairie, LA","Metropolitan Statistical Area",0.454311755082963,31989,0.176512710347297
"326","22103040502",22103,77.6,1.2655,"New Orleans-Metairie, LA","Metropolitan Statistical Area",0.251877816725088,43482,0.304411764705882
"327","22103040601",22103,78.1,1.4879,"New Orleans-Metairie, LA","Metropolitan Statistical Area",0,95000,0.554607508532423
"328","22103040602",22103,78.5,1.263,"New Orleans-Metairie, LA","Metropolitan Statistical Area",0,56842,0.495717344753747
"329","22103040604",22103,81.4,2.0448,"New Orleans-Metairie, LA","Metropolitan Statistical Area",0.0494499509857314,56280,0.237372947615324
"330","22103040605",22103,79.2,1.1667,"New Orleans-Metairie, LA","Metropolitan Statistical Area",0.0687160940325497,67708,0.334208223972004
"331","22103040701",22103,78.4,1.4572,"New Orleans-Metairie, LA","Metropolitan Statistical Area",0.23897478468403,64015,0.213960299381712
"332","22103040705",22103,75.4,1.1141,"New Orleans-Metairie, LA","Metropolitan Statistical Area",0.15258074252943,49993,0.220047169811321
"333","22103040706",22103,75.7,1.7766,"New Orleans-Metairie, LA","Metropolitan Statistical Area",0.0294063591251608,49896,0.171194935373252
"334","22103040709",22103,76.6,1.2806,"New Orleans-Metairie, LA","Metropolitan Statistical Area",0.0955794504181601,69355,0.255620014503263
"335","22103040710",22103,79.4,1.3932,"New Orleans-Metairie, LA","Metropolitan Statistical Area",0.118586640851888,57478,0.259259259259259
"336","22103040801",22103,76.7,1.3259,"New Orleans-Metairie, LA","Metropolitan Statistical Area",0.177878395860285,46736,0.231508165225744
"337","22103040803",22103,75,1.1847,"New Orleans-Metairie, LA","Metropolitan Statistical Area",0.490419035586439,42480,0.181213774292533
"338","22103040900",22103,69.5,1.7784,"New Orleans-Metairie, LA","Metropolitan Statistical Area",0.58576512455516,33611,0.100574712643678
"339","22103041002",22103,77.6,2.1288,"New Orleans-Metairie, LA","Metropolitan Statistical Area",0.0440271932664293,54023,0.24320652173913
"340","22103041003",22103,78.6,1.6554,"New Orleans-Metairie, LA","Metropolitan Statistical Area",0.122375215146299,64269,0.246161719549642
"341","22103041004",22103,76.7,1.1435,"New Orleans-Metairie, LA","Metropolitan Statistical Area",0.036379769299024,61555,0.265481299816064
"342","22103041101",22103,75.4,1.2212,"New Orleans-Metairie, LA","Metropolitan Statistical Area",0.203236932873441,55847,0.119742489270386
"343","22103041102",22103,75.7,1.2841,"New Orleans-Metairie, LA","Metropolitan Statistical Area",0.266869542206933,43430,0.213149978513107
"344","22103041103",22103,69.8,1.5117,"New Orleans-Metairie, LA","Metropolitan Statistical Area",0.311326658322904,30223,0.108955223880597
"345","22103041104",22103,75.9,1.7242,"New Orleans-Metairie, LA","Metropolitan Statistical Area",0.162518301610542,69762,0.272983870967742
"346","22103041202",22103,76.6,2.392,"New Orleans-Metairie, LA","Metropolitan Statistical Area",0.241971620612397,42727,0.136004514672686
"347","22103041204",22103,75.8,0.9728,"New Orleans-Metairie, LA","Metropolitan Statistical Area",0.216627196809174,45516,0.181422594142259
"348","22103041207",22103,78.8,1.0942,"New Orleans-Metairie, LA","Metropolitan Statistical Area",0.0277974087161366,81563,0.375761921835783
"349","22103041208",22103,83,2.9641,"New Orleans-Metairie, LA","Metropolitan Statistical Area",0.00545206724216265,133810,0.695001824151769
"350","22103041209",22103,80.3,1.3444,"New Orleans-Metairie, LA","Metropolitan Statistical Area",0.026968927105726,78274,0.569602667407613
"351","22103041210",22103,76.9,1.7781,"New Orleans-Metairie, LA","Metropolitan Statistical Area",0.00883466554480438,67440,0.257566399011736
"352","22103041211",22103,78.8,1.3868,"New Orleans-Metairie, LA","Metropolitan Statistical Area",0.00175494575622208,93839,0.476530612244898
"353","22103041300",22103,81.5,1.9154,"New Orleans-Metairie, LA","Metropolitan Statistical Area",0.0761992904519513,65865,0.440735558664801
